{
  "symmetric_low": {
    "fixed_cycle": {
      "total_reward": -1581.7,
      "average_queue_length": 7.7284999999999995,
      "maximum_queue_length": 19.75,
      "throughput_per_step": 1.9970000000000003,
      "total_departed": 399.4,
      "average_wait_time_steps": 3.851544216271409,
      "average_wait_time_seconds": 11.554632648814225,
      "switch_count": 18.0
    },
    "queue_threshold": {
      "total_reward": -1004.4,
      "average_queue_length": 4.725,
      "maximum_queue_length": 12.45,
      "throughput_per_step": 1.9922499999999999,
      "total_departed": 398.45,
      "average_wait_time_steps": 2.3377733153942293,
      "average_wait_time_seconds": 7.013319946182685,
      "switch_count": 29.7
    },
    "max_pressure": {
      "total_reward": -816.85,
      "average_queue_length": 3.4347499999999997,
      "maximum_queue_length": 10.95,
      "throughput_per_step": 1.9985,
      "total_departed": 399.7,
      "average_wait_time_steps": 1.6997122636910986,
      "average_wait_time_seconds": 5.099136791073297,
      "switch_count": 64.95
    }
  },
  "symmetric_high": {
    "fixed_cycle": {
      "total_reward": -4618.6,
      "average_queue_length": 22.913,
      "maximum_queue_length": 40.8,
      "throughput_per_step": 4.69675,
      "total_departed": 939.35,
      "average_wait_time_steps": 4.783571400341447,
      "average_wait_time_seconds": 14.350714201024342,
      "switch_count": 18.0
    },
    "queue_threshold": {
      "total_reward": -2742.65,
      "average_queue_length": 13.23875,
      "maximum_queue_length": 26.65,
      "throughput_per_step": 4.752999999999999,
      "total_departed": 950.6,
      "average_wait_time_steps": 2.7464523527562363,
      "average_wait_time_seconds": 8.239357058268707,
      "switch_count": 47.45
    },
    "max_pressure": {
      "total_reward": -3358.35,
      "average_queue_length": 16.14875,
      "maximum_queue_length": 32.95,
      "throughput_per_step": 4.738000000000001,
      "total_departed": 947.6,
      "average_wait_time_steps": 3.3481524443757755,
      "average_wait_time_seconds": 10.044457333127326,
      "switch_count": 64.3
    }
  },
  "asymmetric": {
    "fixed_cycle": {
      "total_reward": -3717.75,
      "average_queue_length": 18.40875,
      "maximum_queue_length": 43.45,
      "throughput_per_step": 3.778,
      "total_departed": 755.6,
      "average_wait_time_steps": 4.845575851537285,
      "average_wait_time_seconds": 14.536727554611858,
      "switch_count": 18.0
    },
    "queue_threshold": {
      "total_reward": -1782.95,
      "average_queue_length": 8.54975,
      "maximum_queue_length": 22.35,
      "throughput_per_step": 3.7862500000000003,
      "total_departed": 757.25,
      "average_wait_time_steps": 2.2326192660869664,
      "average_wait_time_seconds": 6.697857798260898,
      "switch_count": 36.5
    },
    "max_pressure": {
      "total_reward": -1855.15,
      "average_queue_length": 8.687749999999998,
      "maximum_queue_length": 21.75,
      "throughput_per_step": 3.77975,
      "total_departed": 755.95,
      "average_wait_time_steps": 2.2665843322736197,
      "average_wait_time_seconds": 6.799752996820859,
      "switch_count": 58.8
    }
  },
  "nonstationary": {
    "fixed_cycle": {
      "total_reward": -2537.85,
      "average_queue_length": 12.50925,
      "maximum_queue_length": 37.75,
      "throughput_per_step": 2.9090000000000003,
      "total_departed": 581.8,
      "average_wait_time_steps": 4.2567852192122135,
      "average_wait_time_seconds": 12.770355657636639,
      "switch_count": 18.0
    },
    "queue_threshold": {
      "total_reward": -1482.35,
      "average_queue_length": 7.05775,
      "maximum_queue_length": 22.5,
      "throughput_per_step": 2.9210000000000003,
      "total_departed": 584.2,
      "average_wait_time_steps": 2.3843466207133064,
      "average_wait_time_seconds": 7.15303986213992,
      "switch_count": 35.4
    },
    "max_pressure": {
      "total_reward": -1428.25,
      "average_queue_length": 6.505750000000001,
      "maximum_queue_length": 22.8,
      "throughput_per_step": 2.9212499999999997,
      "total_departed": 584.25,
      "average_wait_time_steps": 2.2013911084236435,
      "average_wait_time_seconds": 6.60417332527093,
      "switch_count": 63.55
    }
  },
  "burst_east_west": {
    "fixed_cycle": {
      "total_reward": -3025.4,
      "average_queue_length": 14.947000000000003,
      "maximum_queue_length": 50.8,
      "throughput_per_step": 3.2949999999999995,
      "total_departed": 659.0,
      "average_wait_time_steps": 4.499374033515679,
      "average_wait_time_seconds": 13.49812210054704,
      "switch_count": 18.0
    },
    "queue_threshold": {
      "total_reward": -1659.1,
      "average_queue_length": 7.894499999999999,
      "maximum_queue_length": 27.0,
      "throughput_per_step": 3.30225,
      "total_departed": 660.45,
      "average_wait_time_steps": 2.3611289835508633,
      "average_wait_time_seconds": 7.083386950652591,
      "switch_count": 40.1
    },
    "max_pressure": {
      "total_reward": -1598.5,
      "average_queue_length": 7.359,
      "maximum_queue_length": 27.15,
      "throughput_per_step": 3.3135,
      "total_departed": 662.7,
      "average_wait_time_steps": 2.2032736180367793,
      "average_wait_time_seconds": 6.609820854110337,
      "switch_count": 63.35
    }
  }
}